rocket center of mass,2.9515975288296463
center of pressure measured from nose,12.920002903392964
time of supersonic flight,28
max dynamic pressure,[61252.02964369]
time of max dynamic pressure,49
stage 1 total mass,16904.96221813033
stage 2 total mass,5663.211620164922
stage 3 total mass,1984.2856854764802
payload fairing total mass,71.82206975068894
nosecone total mass,38.513941012273555
stage 1 delta v,2168.247747079793
stage 2 delta v,2952.8175417841912
stage 3 delta v,5091.538252841967
fin actuator torque,"[[0.00000000e+00]
 [1.85700889e-01]
 [7.55604793e-01]
 [1.72966596e+00]
 [3.12885595e+00]
 [4.97517753e+00]
 [7.29167329e+00]
 [1.01024278e+01]
 [1.34325625e+01]
 [1.73082208e+01]
 [2.17565445e+01]
 [2.68056367e+01]
 [3.24845132e+01]
 [3.88230383e+01]
 [4.58518451e+01]
 [5.36022390e+01]
 [6.21060833e+01]
 [7.13956666e+01]
 [8.15035530e+01]
 [9.24624152e+01]
 [1.04304854e+02]
 [1.17063209e+02]
 [1.30769361e+02]
 [1.45437162e+02]
 [1.61031211e+02]
 [1.77564777e+02]
 [1.95052587e+02]
 [2.13512194e+02]
 [2.32965550e+02]
 [2.53440764e+02]
 [2.74974044e+02]
 [2.97611804e+02]
 [3.21412949e+02]
 [3.46451313e+02]
 [3.72818285e+02]
 [4.00625586e+02]
 [4.30008195e+02]
 [4.61097939e+02]
 [4.94019471e+02]
 [5.28917346e+02]
 [5.65427765e+02]
 [6.03943417e+02]
 [6.44600123e+02]
 [6.87549671e+02]
 [7.32961785e+02]
 [7.81026269e+02]
 [8.31939442e+02]
 [8.85926106e+02]
 [9.43215072e+02]
 [1.00408206e+03]
 [1.06716259e+03]
 [1.13385291e+03]
 [1.20442929e+03]
 [1.27914646e+03]
 [1.35827085e+03]
 [1.44209855e+03]
 [1.53095699e+03]
 [1.62691422e+03]
 [1.72812642e+03]
 [1.83483610e+03]
 [1.94728467e+03]
 [2.06582469e+03]
 [2.19084068e+03]
 [2.32277969e+03]
 [2.46211186e+03]
 [2.60935702e+03]
 [2.76509180e+03]
 [2.92995804e+03]
 [3.10467262e+03]
 [3.29003915e+03]
 [3.48696178e+03]
 [3.69818449e+03]
 [3.92120374e+03]
 [4.15666493e+03]]"
battery capacity,162.40896
battery heat generation per second,887.44472
altitude at the end of flight,290188.46
